{
  "siteName": "LogicDesignSolutions",
  "copyright": "Copyright (c) Logic Design Solution. All rights reserved. Design by",
  "designerName": "E-Digital",
  "designerUrl": "https://e-digital.fr/",
  "menuItems": [
    { "label": "Profiles", "path": "/profiles" },
    { "label": "Products", "path": "/products" },
    { "label": "Contact", "path": "/contact" }
  ],
  "socialLinks": [
    { "name": "Facebook", "icon": "facebook", "url": "#" },
    { "name": "Twitter", "icon": "twitter", "url": "#" },
    { "name": "LinkedIn", "icon": "linkedin", "url": "#" },
    { "name": "Instagram", "icon": "instagram", "url": "#" }
  ]
}
